,type,level,world,id,name,GUID,reward,available,objectives,subquests,discoverprompt,setdoneautomatic,hideif,strict,oneofabsolutelyrequired
0,main,0.0,WO,2,Kaer Morhen,C1AA4441-48FF64E8-972B3BB9-250CC191,,,,,,,,,
1,main,0.0,WO,3,Lilac and Gooseberries,768A197C-4630DC8A-735A4BB3-C9535B0B,,,,,,,,,
2,side,0.0,WO,19,Missing in Action,3B6DBB8A-4E5095A7-8DA31EB3-4F2C4D1F,,,,,,,,,
3,side,0.0,WO,20,"A Frying Pan, Spick and Span",F7C2C616-4FBFA7E7-3A37FBA1-0FB8CFC8,,,,,,,,,
4,side,1.0,WO,36,Precious Cargo,377AABFA-4FBCA307-01FA41AE-E39DBD41,,,,,,,,,
5,side,1.0,WO,37,Twisted Firestarter,C005330F-4A0D252A-BA6F5CA7-63870497,,,,,,,,,
6,contract,2.0,WO,38,Devil by the Well,ADDBEE45-437F7E6B-286D2E91-190FEF86,,,,,,,,,
7,side,2.0,WO,42,On Death's Bed,DA94CD0C-432B1FF9-8FE93C94-79B4B234,,,,,,,,,
8,main,2.0,WO,40,Imperial Audience,3A6B433B-47EA9285-23D96FB9-9A37E56E,,,,,,,,,
9,treasure,4.0,WO,54,Dirty Funds,6321316F-48125639-75F5A181-D5ECEB4E,,,,,,,,,
10,treasure,4.0,WO,55,Deserter Gold,EE12C78F-46DDAD07-49FD648A-11BD32B3,,,,,,,,,
11,treasure,4.0,WO,56,Temerian Valuables,753CDADE-4D361932-F7325D82-2DDC8703,,,,,,,,,
12,treasure,6.0,WO,85,Scavenger Hunt: Viper School Gear,AA5D86A4-401E4811-7C74B6AC-7A80CBB3,,,,,,,,,
13,side,0.0,VE,12,Gwent: Velen Players,BECB3BA0-4C293A48-C3C229B6-31A1439A,,,,,,,,,
14,side,0.0,VE,22,The Truth is in the Stars,189702C5-4E377991-89B50D81-45F1188E,,,,,,,,,
15,side,3.0,VE,45,Funeral Pyres,308B9390-4136EF32-638710A3-AD7D32CA,,,,,,,,,
16,side,4.0,VE,49,Hazardous Goods,2639D2AF-44738473-145809B6-7DE9D4C1,,,,,,,,,
17,event,3.0,VE,46,Deadly Crossing I,C355D2B9-B478-4961-B22A-568860D63901,,,,,,,,,
18,event,3.0,VE,47,Deadly Crossing II,8B2CA862-67B5-4822-BED6-7C3B309DF341,,,,,,,,,
19,event,3.0,VE,425,Deadly Crossing III,CF2BF2AA-B722-42F2-A03C-8F0DFED9B407,,,,,,,,,
20,event,3.0,VE,48,Highway Robbery,2BAC8BE1-BEE4-41AA-B3C8-BE1F361E223A,,,,,,,,,
21,event,0.0,VE,30,Highwayman's Cache,1C31587E-4EF2-4FCC-8E87-DF29E7D6B1D7,,,,,,,,,
22,event,2.0,VE,43,Harassing A Troll,FA9FFB3B-C8B4-4CA1-82D3-669458DE41B9,,,,,,,,,
23,event,4.0,VE,50,Man's Best Friend,691C4E1B-7486-40BC-9694-1D86B8F88B87,,,,,,,,,
24,treasure,4.0,VE,51,Sunken Treasure,B8486EAF-4E34ECCB-69896A96-1E5CB685,,,,,,,,,
25,treasure,4.0,VE,52,An Unfortunate Turn of Events,A6F4D060-4EDE551A-B5F03DB3-00DDE3A3,,,,,,,,,
26,treasure,4.0,VE,53,Lost Goods,78081E59-48B2024F-7C64CDBA-8D1E9E15,,,,,,,,,
27,treasure,4.0,VE,57,Queen Zuleyka's Treasure,517B15A4-41AD72F5-DC6272BD-7B229747,,,,,,,,,
28,treasure,4.0,VE,59,Sunken Chest,D36D4C2A-4EC28D7A-48B93E8F-B6A0EB42,,,,,,,,,
29,event,0.0,VE,29,Hazardous Goods II,DDFF7999-EDC8-4C51-A865-53C796616BD1,,,,,,,,,
30,side,5.0,VE,68,A Dog's Life,8DC14A3C-B56B-4518-BBF2-25B70A10D7FB,,,,,,,,,
31,event,5.0,VE,70,Caravan Attack,951CFA9E-5674-4799-9EA5-213C8FEA04E2,,,,,,,,,
32,event,5.0,VE,427,Looters I - Revolting Peasants,854A54A8-1DC1-4446-AE42-35B6CD034483,,,,,,,,,
33,event,5.0,VE,428,Looters II - Ghoulish Gatherers,A321D1EB-2CA8-45B3-9F1F-96A1C9F2E2B5,,,,,,,,,
34,event,5.0,VE,71,Looters III - Toderas Bandits,A1D66C01-1CF2-4583-8903-B83AB45E0137,,,,,,,,,
35,side,6.0,VE,82,The Fall of the House of Reardon,4FF26AE8-45267A85-9103158E-1931163D,,,,,,,,,
36,side,6.0,VE,84,Fools' Gold,5C8108FD-45D9966D-21960981-F9AFBBD2,,,,,,,,,
37,contract,7.0,VE,86,Patrol Gone Missing,C5583B34-44155D58-82174C98-CE7BE4EF,,,,,,,,,
38,side,7.0,VE,88,Lynch Mob,B917E855-4C13AE9D-AB964AA6-9EC295A3,,,,,,,,,
39,side,7.0,VE,89,A Greedy God,1026A2E0-4A9338E6-7F4D409D-0C5BE595,,,,,,,,,
40,side,7.0,VE,93,Wild at Heart,15CBFA78-4DA5D1B1-FC623EAD-9F73CE73,,,,,,,,,
41,treasure,7.0,VE,95,Hidden from the World,DDF3B2FC-42AA9D43-BF69CF8C-B5C34370,,,,,,,,,
42,event,8.0,VE,100,Karmic Justice,40DBB1DE-230E-45D9-8BD8-BB0B59E46C25,,,,,,,,,
43,event,9.0,VE,110,Face Me if You Dare,4773F5D4-CD41-4970-BC9E-5614A11EE42F,,,,,,,,,
44,treasure,9.0,VE,113,"Out of the Frying Pan, Into the Fire",6CA5D2B3-4040584A-6B44E8B6-20B2AC27,,,,,,,,,
45,treasure,9.0,VE,114,The Dead Have No Defense,ED406EC1-4CC5DB14-A9ED4497-27262A26,,,,,,,,,
46,contract,10.0,VE,115,The Merry Widow,34DDEA30-468AE445-77D61A92-31DD03DC,,,,,,,,,
47,side,10.0,VE,119,Witcher Wannabe,4D001168-41FF9E8C-6A3CEF92-FDDA678F,,,,,,,,,
48,contract,10.0,VE,116,Jenny o' the Woods,01ED9015-41F7A1C1-3C1F26BB-6E0A3E0B,,,,,,,,,
49,side,10.0,VE,118,Defender of the Faith,93A95560-416AFF7A-6CFE1FA6-9FD77B9C,,,,,,,,,
50,side,10.0,VE,120,Love's Cruel Snares,2EE12A3D-432BFAF7-0908759A-8DE7890E,,,,,,,,,
51,side,10.0,VE,121,Death By Fire,4FDB3D24-4D7090BF-67EB0B9A-F9492C96,,,,,,,,,
52,side,11.0,VE,130,Fists of Fury: Velen,BD0558AA-4C809220-048AB2BB-453FC15D,,,,,,,,,
53,treasure,11.0,VE,134,Scavenger Hunt: Griffin School Gear,50B8D133-4FAA0E7B-B42AF7BE-6B57B0F0,,,,,,,,,
54,contract,12.0,VE,135,Swamp Thing,210232CB-4EF519B3-67C847AA-2FA3F75F,,,,,,,,,
55,side,12.0,VE,139,Blood Ties,BCBB27C8-4FA7E374-3CC1408F-8CD2AC77,,,,,,,,,
56,treasure,12.0,VE,154,The Things Men Do For Coin...,4CBF2CDE-488F74F6-45D4BFAA-E41558FE,,,,,,,,,
57,treasure,13.0,VE,167,Coast of Wrecks,6361033C-4E1B9ACF-83944B87-FF32099D,,,,,,,,,
58,treasure,15.0,VE,202,Don't Play with the Gods,1D6D26EC-454BD469-FEBC1E9A-F246129B,,,,,,,,,
59,treasure,18.0,VE,225,A Costly Mistake,987A0A55-4A591BD2-64B80897-ECCB7F89,,,,,,,,,
60,treasure,18.0,VE,226,Tough Luck,9D07785D-40177008-757518A2-60A41A1A,,,,,,,,,
61,contract,20.0,VE,234,Mysterious Tracks,FDADCB0D-43B1AC15-D25AF1A3-92360167,,,,,,,,,
62,contract,23.0,VE,250,Phantom of the Trade Route,915C91BF-47B869DE-0B9CEDBE-44113A37,,,,,,,,,
63,contract,25.0,VE,266,The Beast of Honorton,BD40C6D4-4532FB2D-187DEDBF-2C42C6F6,,,,,,,,,
64,side,25.0,VE,268,Where the Cat and Wolf Play...,35CCCB0A-4C518790-D11C34B4-6CDBEA77,,,,,,,,,
65,side,25.0,VE,267,Take What You Want,7258B2FB-4A41EF24-647735A2-6528FC9F,,,,,,,,,
66,treasure,28.0,VE,290,A Plea Ignored,33474E9D-43AD427F-47E908A5-EB14398F,,,,,,,,,
67,contract,33.0,VE,314,Missing Brother,6C4EF31A-4B5F767F-B846D393-85EA4A1C,,,,,,,,,
68,contract,6.0,VE,72,Woodland Beast,6AFAFC3C-47D50499-6D21D3A7-0D30C14D,,,,,,,,,
69,contract,22.0,VE,243,The Mystery of the Byways Murders,96D759B7-465E24FF-1E756D99-63C57C10,,,,,,,,,
70,main,5.0,VE,60,The Nilfgaardian Connection,3D77BF9D-4F453FF0-66AA658F-A6353227,,,,,,,,,
71,main,5.0,VE,65,Hunting a Witch,19B5B835-494C9ACC-3F41BDB8-72C94684,,,,,,,,,
72,main,6.0,VE,73,Wandering in the Dark,9B0CDB84-48EB84A9-D74AE685-1F8EBF16,,,,,,,,,
73,side,6.0,VE,78,Magic Lamp,46D709E3-477DBFF9-A58BFE83-2D712006,,,,,,,,,
74,side,6.0,VE,79,An Invitation from Keira Metz,287CD23B-4C20FCC1-D52269AD-47670132,,,,,,,,,
75,side,6.0,VE,80,A Towerful of Mice,38E268CF-431777D8-0A106B87-22F7BA0D,,,,,,,,,
76,side,6.0,VE,81,A Favor for a Friend,1EE3C260-47DE26F3-7D422FA3-94EE84C7,,,,,,,,,
77,side,8.0,VE,99,For the Advancement of Learning,3D71D5DD-4002F7DE-F8C5ECBE-13E226D0,,,,,,,,,
78,main,6.0,VE,75,Bloody Baron,9EFDC32A-48F7E75E-421189B7-97877E0E,,,,,,,,,
79,main,5.0,VE,61,Ciri's Story: The King of the Wolves,32F85932-44D65DB3-A07704AA-F340C0BC,,,,,,,,,
80,race,0.0,VE,8,Races: Crow's Perch,6E696C48-49E62FEA-947FC48E-AB746137,,,,,,,,,
81,side,5.0,VE,69,Ciri's Room,74A38073-4CBDFE20-A68A8A9A-0AB18A1C,,,,,,,,,
82,main,6.0,VE,74,Family Matters,DB024D36-4E9AE35E-FB098D89-C8E7AB0F,,,,,,,,,
83,event,0.0,VE,433,Crow's Perch Fight,,,,,,,,,,
84,main,6.0,VE,76,Ladies of the Wood,EA962976-4E950F34-834FC1BD-461991C7,,,,,,,,,
85,side,7.0,VE,91,Forefathers' Eve,D9F8303B-423561FD-9AC34DAC-420419B4,,,,,,,,,
86,side,9.0,VE,105,Last Rites,D637A77D-4F37B7B2-BBD695A6-E1090C08,,,,,,,,,
87,side,9.0,VE,107,Return to Crookback Bog,7E03203E-4D6504E3-165C8693-A93BD13C,,,,,,,,,
88,contract,8.0,VE,96,Shrieker,AEDB434D-438C5423-61A7D898-6DC9F894,,,,,,,,,
89,side,7.0,VE,90,Thou Shalt Not Pass,37881603-4A81EF31-571EBAAC-4304CEE6,,,,,,,,,
90,side,9.0,VE,106,Fake Papers,33B84675-457F7812-2FB590BE-541D6702,,,,,,,,,
91,event,0.0,VE,27,At the Mercy of Strangers,328456A8-197B-4999-9980-694FE20FAB8D,,,,,,,,,
92,treasure,18.0,NO,221,Scavenger Hunt: Griffin School Gear Upgrade Diagrams - Part 1,AC4B6FA2-4E2B04E9-3AC400A0-239A8199,,,,,,,,,
93,treasure,18.0,NO,222,Scavenger Hunt: Griffin School Gear Upgrade Diagrams - Part 2,8C40CB19-4F5F60EA-90A9F183-598494D7,,,,,,,,,
94,treasure,17.0,NO,216,Scavenger Hunt: Cat School Gear,C513BD36-423276DE-86C4E9B0-42E9A8AB,,,,,,,,,
95,treasure,23.0,NO,253,Scavenger Hunt: Cat School Gear Upgrade Diagrams - Part 1,DFFC24F2-4650EF40-F8679FA6-F3C18F00,,,,,,,,,
96,treasure,23.0,NO,254,Scavenger Hunt: Cat School Gear Upgrade Diagrams - Part 2,9BCE69B0-4F6F3CE0-B81E98A2-0C0E97F8,,,,,,,,,
97,treasure,29.0,NO,293,Scavenger Hunt: Cat School Gear Upgrade Diagrams - Part 3,1898B768-4D6FD27D-26BE2C92-0F7883B1,,,,,,,,,
98,main,16.0,NO,206,Destination: Skellige,550442BD-43AF7D49-9E0A09B5-54BCCDCC,,,,,,,,,
99,side,0.0,NO,41,The Dwarven Document Dilemma,4BAE35CF-4152C544-6D1B748C-D68C7B61,,,,,,,,,
100,event,0.0,NO,32,Strumpet In Distress,7CEAD1A1-6B78-47BD-A185-FED1E820AF5D,,,,,,,,,
101,event,0.0,NO,33,Suspicious Shakedown,A1C948A4-D19D-4680-9891-0E6FC28C0CB7,,,,,,,,,
102,event,0.0,NO,34,The Flame Of Hatred,0CED3E7F-4E71-4378-A65C-8476B43EF8AD,,,,,,,,,
103,side,0.0,NO,13,Gwent: Playing Innkeeps,15BA81D3-4E85B6BD-DF83E995-5D7770CE,,,,,,,,,
104,side,0.0,NO,21,Empty Coop,5D8D80D4-47E33A15-8C576FB1-3AC4736F,,,,,,,,,
105,side,0.0,NO,24,Message from an Old Friend,546EC303-469C24B8-809E7286-58C288A0,,,,,,,,,
106,event,0.0,NO,26,A Warm Welcome,,,,,,,,,,
107,event,0.0,NO,28,Drunken Rabble,35E96D3E-30C3-41A4-8496-59423836DBCF,,,,,,,,,
108,event,0.0,NO,31,Racists of Novigrad I,D2984EEF-12A3-4BA4-B8F5-10D330882D91,,,,,,,,,
109,event,7.0,NO,94,Racists of Novigrad II,CC6631A5-606C-4E10-82DA-6D1C74429608,,,,,,,,,
110,side,6.0,NO,77,"Hey, You Wanna Look at My Stuff?",966D9C4F-4058A759-EF437983-146F4BB6,,,,,,,,,
111,side,8.0,NO,97,Hidden Messages of the Nilfgaardian Kind,A6D42062-41BF578C-D80E12A6-55FEF82D,,,,,,,,,
112,side,8.0,NO,98,Novigrad Hospitality,894669D1-458497AB-E2FA1CAE-46DFC1D0,,,,,,,,,
113,side,9.0,NO,103,Of Dairy and Darkness,B85F69B4-4563B896-339733A6-9223A984,,,,,,,,,
114,event,9.0,NO,111,Face Me if You Dare II,9EB2DF70-54DF-4474-A12F-7D4D5FC202C1,,,,,,,,,
115,event,9.0,NO,112,Face Me if You Dare III,17842294-BDE6-42B2-90A5-460E228F69CA,,,,,,,,,
116,side,10.0,NO,122,Rough Neighborhood,F4928196-42A4EACE-904AC5A4-45C8FF9D,,,,,,,,,
117,event,10.0,NO,123,The Most Truest of Basilisks,C5DF0A99-E230-4F43-A6CC-F419F1583C24,,,,,,,,,
118,side,11.0,NO,129,A Barnful of Trouble,8586A6C6-4EB2533D-38A053BC-89E8CF3B,,,,,,,,,
119,side,12.0,NO,138,Spooked Mare,9C6ECBD4-42140800-325CDBB1-5A64A760,,,,,,,,,
120,side,12.0,NO,142,A Walk on the Waterfront,6EF66A4F-4A74160D-9D1B88BF-4891A5C4,,,,,,,,,
121,contract,13.0,NO,155,An Elusive Thief,D713995F-4D748EC3-F8C29892-A5309EB8,,,,,,,,,
122,side,13.0,NO,157,The Volunteer,5AF9BD9A-4EC9C1C1-F1C28FA4-001DD280,,,,,,,,,
123,side,13.0,NO,161,A Tome Entombed,08C47340-461756C2-B17C5499-33536918,,,,,,,,,
124,side,13.0,NO,162,Warehouse of Woe,A1B177A9-451D23B7-58728DB5-7D319E51,,,,,,,,,
125,event,13.0,NO,163,Saving Moritz Diefenthal,1797BAE3-C7B3-4689-9896-2A601D131EC3,,,,,,,,,
126,event,13.0,NO,165,Strangers in the Night,7B3B9669-33B4-4ADB-A642-546A154CB9D8,,,,,,,,,
127,event,14.0,NO,188,Never Trust Children,8CDE418C-DEF4-436D-AF98-C7EC27FDAB1E,,,,,,,,,
128,contract,14.0,NO,173,The Apiarian Phantom,256F8A48-4F3E33FD-E11C309D-93EA863F,,,,,,,,,
129,contract,15.0,NO,191,Deadly Delights,2EE64753-4749CF55-84ECCFA2-AFF34B00,,,,,,,,,
130,side,15.0,NO,198,Little Red,E60EB31F-4ACB13E6-6245ECB4-140153C9,,,,,,,,,
131,contract,16.0,NO,204,The White Lady,30A9D01A-4F9DC8AF-93BD3E90-040A9450,,,,,,,,,
132,treasure,18.0,NO,223,Blood Gold,B16A5F09-47813DA7-85C24BB8-948B248C,,,,,,,,,
133,treasure,20.0,NO,239,Battlefield Loot,6272B5A8-450D5CB6-DE9279B4-788C5C7E,,,,,,,,,
134,event,20.0,NO,237,Witch Hunter Raids,96E47DD3-0DBE-498A-9569-49E5D1E642EB,,,,,,,,,
135,side,23.0,NO,252,Fists of Fury: Novigrad,ADB63834-4EFADC15-0B036E9D-D61D4EDD,,,,,,,,,
136,contract,24.0,NO,255,Doors Slamming Shut,AF164E2C-41CC196D-1AB4BFB6-1DAA9A91,,,,,,,,,
137,side,24.0,NO,263,Of Swords and Dumplings,BCFD66C3-4E55BECB-00975882-A9203CDC,,,,,,,,,
138,contract,25.0,NO,265,Lord of the Wood,31761A49-453910B0-B7EB03A7-BA362A08,,,,,,,,,
139,contract,26.0,NO,272,The Oxenfurt Drunk,43E9C2A8-43DADE8C-FEC51388-977FB3FC,,,,,,,,,
140,race,32.0,NO,309,Races: Swift as the Western Winds,7A04F9E7-49102A1F-94AAFA85-CAC3157C,,,,,,,,,
141,side,32.0,NO,310,Without a Trace,F8D62C5E-4563387F-38CAB1AE-2A6D8E1B,,,,,,,,,
142,side,32.0,NO,311,The Taxman Cometh,7E6E5238-4F4BE640-A7AD1189-B6398F13,,,,,,,,,
143,side,32.0,NO,312,Enchanting: Start-up Costs,BACA6F45-42119393-83A37B8B-B475EB03,,,,,,,,,
144,side,32.0,NO,431,Enchanting: Quality Has Its Price,BACA6F45-42119393-83A37B8B-B475EB03,,,,,,,,,
145,treasure,32.0,NO,313,Dowry,19D6292E-455662A6-537BEC9D-06609599,,,,,,,,,
146,treasure,33.0,NO,318,"Tinker, Hunter, Soldier, Spy",96F7F53A-412C7099-F5BE66B0-227B967D,,,,,,,,,
147,treasure,33.0,NO,319,From Ofier's Distant Shores,A1FFE752-47824B4F-276EA882-944E443E,,,,,,,,,
148,contract,35.0,NO,331,The Creature from Oxenfurt Forest,0FD87FDB-405C3D98-3871229B-03B5864B,,,,,,,,,
149,treasure,36.0,NO,341,The Cursed Chapel,D5D60E68-40E4E8AC-9FADA380-0F2889DC,,,,,,,,,
150,treasure,36.0,NO,342,The Royal Air Force,55341374-4C989677-B9A42DAE-06229E06,,,,,,,,,
151,treasure,36.0,NO,343,"The Sword, Famine and Perfidy",4F1D428D-4906FE69-E65FAA9B-2F7D3200,,,,,,,,,
152,side,38.0,NO,363,The Drakenborg Redemption,665C3401-4B425D8F-70D367AA-EE8FCF0F,,,,,,,,,
153,treasure,38.0,NO,365,The Secret Life of Count Romilly,4F090ED7-4C07940F-D4B94484-85848FBD,,,,,,,,,
154,treasure,38.0,NO,364,A Surprise Inheritance,6F79BD9A-4653FFF3-29511FA8-513857C3,,,,,,,,,
155,event,0.0,NO,430,The Price of Passage,B31D80A7-DBA9-47E6-B0D1-2E412036C30B,,,,,,,,,
156,side,0.0,NO,14,Gwent: Big City Players,40B54F3B-48857011-9EC0B3BC-5A7537E2,,,,,,,,,
157,dlcmain,34.0,NO,324,"Envoys, Wineboys",629E3452-444A67F6-70C1C197-BF6E22EF,,,,,,,,,
158,main,10.0,NO,117,Pyres of Novigrad,A7EA902C-4021DB99-121C2E86-77E6923D,,,,,,,,,
159,main,7.0,NO,87,Novigrad Dreaming,D2C182B4-449540BC-CCB326B2-4FD786E7,,,,,,,,,
160,side,7.0,NO,92,Haunted House,585F4FB7-4CF82BDE-D33BB6AC-8D46DF03,,,,,,,,,
161,main,11.0,NO,125,Broken Flowers,85131BEE-4AF999EC-AD9B0586-FA06CE11,,,,,,,,,
162,side,12.0,NO,143,Fencing Lessons,DE61D321-4ADCB796-2CF78589-DB63A419,,,,,,,,,
163,side,12.0,NO,147,A Dangerous Game,4EAA1CA7-48911762-9C84E0B0-2EA2F154,,,,,,,,,
164,main,12.0,NO,136,Get Junior,5E9E0041-463E3ECD-C72D1B98-5CF5D6C6,,,,,,,,,
165,main,12.0,NO,137,Count Reuven's Treasure,0292F065-4622C52C-4B7C3492-C7B3FA8E,,,,,,,,,
166,side,12.0,NO,145,A Matter of Life and Death,DF5C1032-43CFD052-056742B1-5E8C57B0,,,,,,,,,
167,side,11.0,NO,131,"Novigrad, Closed City",364A7C69-447A6558-3BCED280-6A244406,,,,,,,,,
168,side,11.0,NO,132,"Novigrad, Closed City II",F341460A-4FEE5F9A-CAC768B0-1BE5A868,,,,,,,,,
169,side,14.0,NO,186,A Deadly Plot,0731749C-44453634-88CC2AB1-A7F858D7,,,,,,,,,
170,side,12.0,NO,148,An Eye for an Eye,CB6EA4CB-43AB4C94-F37278B7-68FD10A6,,,,,,,,,
171,main,11.0,NO,127,The Play's the Thing,35F76922-4196A59D-0327FC95-7CFF788D,,,,,,,,,
172,main,13.0,NO,156,A Poet Under Pressure,C5306CA1-4D2C97E4-525EF78E-72552F9E,,,,,,,,,
173,side,14.0,NO,180,The Nobleman Statuette,6F0D2FFF-481E93D1-CBFEC0BC-57E0EE02,,,,,,,,,
174,side,14.0,NO,179,The Soldier Statuette,DD3CF855-448B37B2-48E1C9BF-0E94A5AD,,,,,,,,,
175,side,14.0,NO,185,Cabaret,1DBEC8F9-4023BB3B-23EB70A1-52D14101,,,,,,,,,
176,side,14.0,NO,182,Now or Never,06950C40-442252DF-03C66981-3FD2B4F3,,,,,,,,,
177,side,16.0,NO,208,Carnal Sins,6EDC27E1-46D57C09-1828A6AE-2E6C46D8,,,,,,,,,
178,side,9.0,NO,108,Honor Among Thieves,C04F6FD0-44AF95DA-57AEA686-5E47748B,,,,,,,,,
179,race,0.0,NO,9,Race: The Great Erasmus Vegelbud Memorial Derby,B3338F99-4362DADA-4BA1F9AD-95F10F44,,,,,,,,,
180,main,9.0,NO,102,A Favor for Radovid,01FCFD79-4DAE6202-792CD396-240BAFD5,,,,,,,,,
181,side,12.0,NO,146,Redania's Most Wanted,9D3E34EB-4DB8F4BA-4B1C649B-7B7BBAA5,,,,,,,,,
182,side,14.0,NO,181,Out On Your Arse!,B745D4B1-4A4BD52B-577C2C9E-C98EE7C6,,,,,,,,,
183,dlcmain,32.0,NO,308,Evil's Soft First Touches,92B33408-4FCDF297-7F1F0CA4-60ED91A0,,,,,,,,,
184,side,33.0,NO,316,Rose on a Red Field,B89DD723-4BD41D61-01BB70B8-849A3C8C,,,,,,,,,
185,dlcmain,33.0,NO,315,Dead Man's Party,78053F6B-498256AE-F9C0229F-B9EF3972,,,,,,,,,
186,dlcmain,34.0,NO,320,Open Sesame!,B554FBE9-41969AB7-7123A48A-258002C0,,,,,,,,,
187,side,34.0,NO,325,Avid Collector,F5516BD5-46AE9935-AF9A25AA-C40D94CE,,,,,,,,,
188,dlcmain,35.0,NO,332,Scenes From a Marriage,5F9AB09D-451BD33F-475ABAA4-4B7BF3BF,,,,,,,,,
189,dlcmain,38.0,NO,361,Whatsoever a Man Soweth,0551620D-437310FC-3A100C91-55645E17,,,,,,,,,
190,treasure,37.0,NO,355,A Dark Legacy,B4A3B282-49F6618F-F2004684-9FDDE92B,,,,,,,,,
191,side,26.0,NO,277,High Stakes,025C0756-42EC2876-89F0C39F-39DDB568,,,,,,,,,
192,treasure,26.0,NO,278,Scavenger Hunt: Griffin School Gear Upgrade Diagrams - Part 3,C4ED40CA-4C8EFD8A-D5D4F2BB-D9346FC0,,,,,,,,,
193,treasure,26.0,SK,327,Scavenger Hunt: Griffin School Gear Upgrade Diagrams - Part 4,E9C98E64-4EF05D83-3AD112BA-D9A6CE87,,,,,,,,,
194,treasure,34.0,SK,328,Scavenger Hunt: Cat School Gear Upgrade Diagrams - Part 4,0EAEA2E4-44DFC898-582FAE83-3D5136CD,,,,,,,,,
195,treasure,20.0,SK,238,Scavenger Hunt: Bear School Gear,8B08E62D-4C5B4C9D-487C3FA4-0D791E9F,,,,,,,,,
196,treasure,16.0,SK,210,Scavenger Hunt: Bear School Gear Upgrade Diagrams - Part 1,0F5F5FD9-4DA725BF-67359E85-C699556C,,,,,,,,,
197,treasure,12.0,SK,150,Scavenger Hunt: Bear School Gear Upgrade Diagrams - Part 2,DD71DEDB-4EF05466-56C61683-9DD9BE20,,,,,,,,,
198,treasure,30.0,VE,305,Scavenger Hunt: Bear School Gear Upgrade Diagrams - Part 3,72B5DC68-416D1945-E831158A-18CAC397,,,,,,,,,
199,treasure,34.0,VE,326,Scavenger Hunt: Bear School Gear Upgrade Diagrams - Part 4,E08F4FAF-4FA7D935-BAA382A6-99485387,,,,,,,,,
200,side,0.0,SK,16,Gwent: Skellige Style,72BA3A67-4CFD722A-0A378284-F4E41BC2,,,,,,,,,
201,side,0.0,SK,23,Brave Fools Die Young,14094167-45F81AC5-26B12C82-BABD151C,,,,,,,,,
202,event,0.0,SK,35,Worthy of Trust,11AE373C-0365-413C-B301-9A3F242BA993,,,,,,,,,
203,treasure,4.0,SK,58,Freya Be Praised!,B459A0ED-47E1AE2C-969F32A5-0B9075E6,,,,,,,,,
204,treasure,10.0,SK,124,Not Only Eagles Dare,5DEA555A-4B728A68-074DD092-B089C963,,,,,,,,,
205,side,12.0,SK,133,Flesh for Sale,75CE5700-4B1F1BBE-069237AE-6D20CA0F,,,,,,,,,
206,side,11.0,NO,141,Following the Thread,23EBF49C-4CD2BFB5-A2D8FB94-B27040A6,,,,,,,,,
207,side,12.0,SK,140,A Hallowed Horn,E2BB1F49-49E4747D-05D1B892-E554D977,,,,,,,,,
208,treasure,12.0,SK,151,Nilfgaardian Treasure,DB5F4199-43E77DB8-6EC10C95-679DA352,,,,,,,,,
209,treasure,12.0,SK,152,X Marks the Spot,1BE06D7D-4CE755B0-FA87E0B2-570B6DC9,,,,,,,,,
210,side,13.0,SK,160,Black Pearl,F904638D-49C21839-0A35B380-D7727AA7,,,,,,,,,
211,side,13.0,SK,158,"From a Land Far, Far Away",FA188AD1-40B0EAD7-DE67D89A-1BC39817,,,,,,,,,
212,side,13.0,SK,159,Free Spirit,6C500404-4E5B6E05-E920FEAD-0EFE2069,,,,,,,,,
213,event,13.0,SK,164,Siren's Call,C3F8E494-BD8D-488F-A812-39F13E1A371E,,,,,,,,,
214,event,13.0,SK,166,Woe is Me,CF64132A-398A-4714-BDC1-465CF3D86ABA,,,,,,,,,
215,treasure,13.0,SK,168,Family Fortune,17D71DCD-434DB5D3-0B15E1B5-BEBC0897,,,,,,,,,
216,treasure,13.0,SK,169,Shortcut,485B407E-42A71E25-DBF39795-2451430F,,,,,,,,,
217,treasure,13.0,SK,170,Ironsides' Treasure,6E47B277-4316B96E-CCE41183-349E790B,,,,,,,,,
218,treasure,13.0,SK,171,Pearls of the Coast,DEFE57A9-4EBD6DA7-5DE901B8-839877FF,,,,,,,,,
219,treasure,13.0,SK,172,Precious Haul,9EC3E829-46967F66-95A647B3-DFBC639E,,,,,,,,,
220,side,14.0,SK,177,The Nithing,4EC24D96-4C808232-F09B1DAB-1AFE886D,,,,,,,,,
221,side,14.0,SK,178,The Price of Honor,130A322C-479E4E1C-6C0ED1B4-0180136D,,,,,,,,,
222,event,14.0,SK,187,Never Trust Children II,6DB26DE1-E366-4667-9216-EBB39BD4D5CB,,,,,,,,,
223,treasure,14.0,SK,190,Inheritance,B2EDF46A-4EB4F7F8-969B9799-0542D7F5,,,,,,,,,
224,side,15.0,SK,193,The Family Blade,BF18DA51-48A12FC9-7FC49692-3E4593EB,,,,,,,,,
225,side,15.0,SK,194,A Bard's Beloved,B676E286-4A16EE2C-225EFCBA-3DBA9A70,,,,,,,,,
226,side,15.0,SK,195,For Fame and Glory,EC3807C4-4EA45263-10A89887-409A5BF8,,,,,,,,,
227,side,15.0,SK,196,Armed Assault,6C38FDC9-4177E884-A93002AD-CCDEBFEC,,,,,,,,,
228,event,15.0,SK,201,Call of the Wild,7CACD6BE-079F-4D02-9A17-3EA8BE488EF9,,,,,,,,,
229,event,16.0,SK,209,Farting Trolls,5717065D-8C2F-4EDD-A5BA-CA3F4585D713,,,,,,,,,
230,event,17.0,SK,215,The Four Faces of Hemdall,3E829109-EC06-4BC4-A368-0756704FF178,,,,,,,,,
231,event,25.0,SK,271,Yustianna Disturbed,6BBFA8BD-2942-4EE1-9DF4-FE27DFBB1283,,,,,,,,,
232,contract,16.0,SK,203,Strange Beast,3286D764-498C15B1-0299219A-BDBC6898,,,,,,,,,
233,side,16.0,SK,207,The Path of Warriors,1EF218C4-4E679658-D6E32086-B61FA550,,,,,,,,,
234,contract,17.0,SK,211,The Phantom of Eldberg,F8815175-4F992A27-45F5F19C-7706FA95,,,,,,,,,
235,side,14.0,SK,184,Stranger in a Strange Land,5A628AFB-4D9FAEBD-6C403A9A-066B4AC2,,,,,,,,,
236,side,14.0,SK,183,The Cave of Dreams,C15E1341-4A1D0AF2-BCCA85AD-001C5AEA,,,,,,,,,
237,side,15.0,SK,197,An Unpaid Debt,EE2ACB45-4C52A699-085ECE95-6283C648,,,,,,,,,
238,contract,18.0,SK,217,Muire D'yaeblen,8049E060-447F0D7C-967C208B-FF57FACB,,,,,,,,,
239,side,18.0,SK,218,Crime and Punishment,6425AA34-4C116330-8410788A-C2F64B88,,,,,,,,,
240,contract,19.0,SK,227,Here Comes the Groom,4FC8B957-4AD164B1-D50E34A6-2E8118AA,,,,,,,,,
241,side,19.0,SK,233,Iron Maiden,1D9F7929-4152C567-320675A4-7DCB72CE,,,,,,,,,
242,side,21.0,SK,240,Hard Times,4FE8E4CE-44CFD310-521CBCBA-7D583F2B,,,,,,,,,
243,contract,22.0,SK,244,In the Heart of the Woods,ADF1F1F0-41C5D27D-3397258A-2893B653,,,,,,,,,
244,side,24.0,SK,258,Finders Keepers,D79A07AE-46BB8EB1-8E0FB18E-99ADEE44,,,,,,,,,
245,side,24.0,SK,259,Abandoned Sawmill,F9352CB9-4D7CD711-8FA25690-80B11808,,,,,,,,,
246,side,24.0,SK,260,Shock Therapy,FA0CBF21-49A27E9E-B5245DA3-07A23952,,,,,,,,,
247,side,24.0,SK,262,Practicum in Advanced Alchemy,52DCBB5B-433C44F6-FC2578A2-49BB8D86,,,,,,,,,
248,side,25.0,SK,269,Peace Disturbed,B9D89677-47CCB257-B4D14398-660645F1,,,,,,,,,
249,side,25.0,SK,270,Taken as a Lass,62611322-4F5B1005-3765EA81-5D229FB0,,,,,,,,,
250,side,26.0,SK,275,The Sad Tale of the Grossbart Brothers,89DBDE2F-47F658BB-04CFAE92-9086D946,,,,,,,,,
251,contract,27.0,SK,279,Missing Miners,A1BE23D7-4EED38B8-A947F1AF-E274F6D4,,,,,,,,,
252,contract,28.0,SK,282,Dragon,AB316D0C-4745B758-A6AAB1B5-9B0C2565,,,,,,,,,
253,contract,29.0,SK,291,Missing Son,1A0B2EF7-4F0EF39E-A3DC4A82-D9AA9D9B,,,,,,,,,
254,contract,29.0,SK,292,Skellige's Most Wanted,9B223108-41349C4C-B74D1BB2-19A17DD9,,,,,,,,,
255,side,30.0,SK,303,Fists of Fury: Skellige,14C1A784-40ABFB76-D665B5A2-38D873AD,,,,,,,,,
256,side,14.0,SK,128,Master of the Arena,C8C83587-4D2ACAC0-E41A85B5-A9F1DAE8,,,,,,,,,
257,side,28.0,SK,176,Fists of Fury: Champion of Champions,3B9CD0F0-4CE07724-3F8C88BA-4B34E232,,,,,,,,,
258,side,30.0,SK,304,The Tower Outta Nowheres,7ECF7633-46381266-A19DDA89-92DB202A,,,,,,,,,
259,treasure,31.0,SK,307,Hidden in the Depths,9F5A8B38-428BB234-87BD92BE-5BB0CF08,,,,,,,,,
260,treasure,48.0,SK,413,Unlucky's Treasure,822243B0-4DA619C3-E431D581-1C65D586,,,,,,,,,
261,race,0.0,SK,420,The Heroes' Pursuits: Fayrlund,E6D3273C-48408AE2-334D1792-9E1250AA,,,,,,,,,
262,race,0.0,SK,421,The Heroes' Pursuits: Fyresdal,459A8157-4727C1B3-9C3A718F-C271FC41,,,,,,,,,
263,race,0.0,SK,422,The Heroes' Pursuits: Kaer Trolde,A9CAEC8F-4FB88A21-24A21A94-3F615E3C,,,,,,,,,
264,race,0.0,SK,423,The Heroes' Pursuits: For the Goddess' Glory!,020A073B-472AEE70-ABE51B81-90B67F37,,,,,,,,,
265,main,16.0,SK,205,The King is Dead - Long Live the King,FB952C6E-46B165C3-C41A748A-802EC470,,,,,,,,,
266,main,17.0,SK,212,Echoes of the Past,E7EB9A3A-47FB160A-471604AD-4323F31E,,,,,,,,,
267,main,15.0,SK,192,Missing Persons,92387564-42BF535E-F56A9393-7895DAC7,,,,,,,,,
268,main,14.0,SK,175,Nameless,7F6B63A6-439ECA50-D7D46C9F-263EAC98,,,,,,,,,
269,main,14.0,SK,174,The Calm Before the Storm,5C6A7440-4323E4F5-9BAF8D90-D64FD1E2,,,,,,,,,
270,side,15.0,SK,200,The Last Wish,038C9DE1-49CE76B6-8B594897-DAA76B87,,,,,,,,,
271,side,15.0,SK,199,In Wolf's Clothing,FE437B83-49995725-39F6089A-D2A87C27,,,,,,,,,
272,side,17.0,SK,213,The Lord of Undvik,8F37175C-4DFFD952-3F6BC896-95E94AAB,,,,,,,,,
273,side,24.0,SK,256,Master Armorers,10D429DF-44D89D62-38DC6AA5-D34876F3,,,,,,,,,
274,contract,24.0,VE,261,The Griffin from the Highlands,323560BF-4414ECF7-1A9A6CBA-03E51D37,,,,,,,,,
275,treasure,18.0,SK,224,"Ruins, Hidden Treasure, You Know...",D7B5996B-41481C46-B6A27D97-AA28BF2A,,,,,,,,,
276,side,17.0,SK,214,Possession,2BCB0806-47E1068C-4F3234AE-D5F3AC17,,,,,,,,,
277,side,18.0,SK,219,King's Gambit,B5130AE1-468A2171-0B7BD3B0-3FBE5499,,,,,,,,,
278,side,18.0,SK,220,Coronation,9540A12A-49AA6796-7BC8E7BE-848030A4,,,,,,,,,
279,side,20.0,NO,236,A Feast for Crows,5E06A175-429A6042-2F75B895-AA3EE26A,,,,,,,,,
280,side,0.0,NO,15,Gwent: Old Pals,B3C40CBF-4F39BB84-020888A2-7CEF294F,,,,,,,,,
281,treasure,14.0,NO,189,Scavenger Hunt: Wolf School Gear,ECDA507B-4902A54F-85D7CAA9-E26BF51C,,,,,,,,,
282,treasure,21.0,NO,241,Scavenger Hunt: Wolf School Gear Upgrade Diagrams - Part 1,2B4D53F2-4D13E107-B76B1BBE-46F9BEE2,,,,,,,,,
283,treasure,21.0,VE,242,Scavenger Hunt: Wolf School Gear Upgrade Diagrams - Part 2,65F92ED7-46364BBF-274F688B-2B9B242B,,,,,,,,,
284,treasure,29.0,VE,294,Scavenger Hunt: Wolf School Gear Upgrade Diagrams - Part 3,0ACA2DC7-441F17F1-629E568D-1DDC8373,,,,,,,,,
285,treasure,29.0,VE,295,Scavenger Hunt: Wolf School Gear Upgrade Diagrams - Part 4,B5A3EBF1-48584027-035CBD88-C65AE7D1,,,,,,,,,
286,treasure,34.0,NO,329,Scavenger Hunt: Wolf School Gear Upgrade Diagrams - Part 5,C78B90EC-4B01543C-892550A7-3F7CCF23,,,,,,,,,
287,treasure,34.0,SK,330,Scavenger Hunt: Wolf School Gear Upgrade Diagrams - Part 6,08304185-4846664C-6DD759BC-1DE779D6,,,,,,,,,
288,event,12.0,KM,149,Trail of Echoes,580B8C82-FAA7-4186-B39A-F6EF62CA7276,,,,,,,,,
289,side,23.0,KM,251,The Bastion,8A68C2F0-462B76F4-3C4E09BE-397B843A,,,,,,,,,
290,side,26.0,KM,276,Monster Slayer,2B2D83B9-47004059-EF60EDB1-C9ABCD36,,,,,,,,,
291,side,27.0,KM,280,Berengar's Blade,39C6B04C-4FF43113-001D1CAC-C6A80DFE,,,,,,,,,
292,side,27.0,KM,281,Greenhouse Effect,56AFD15A-46F6E197-A83A2785-4F136AAF,,,,,,,,,
293,side,30.0,KM,302,The Witchers' Forge,73C91830-44938418-08D8CB90-1EFD785E,,,,,,,,,
294,main,19.0,KM,229,Ugly Baby,CA9F7D30-404727DE-FA4173B3-C7766A6A,,,,,,,,,
295,main,19.0,KM,232,No Place Like Home,D51FE71A-4C883779-540303A6-81AA0DE5,,,,,,,,,
296,main,19.0,KM,230,"Va Fail, Elaine",F4D14B2F-43C39290-E76256A6-9BB706B9,,,,,,,,,
297,main,22.0,NO,245,Brothers In Arms: Nilfgaard,F185EE6A-4B8CB3BD-7CBC5388-C75054F9,,,,,,,,,
298,main,22.0,SK,246,Brothers In Arms: Skellige,093A3020-4681FF54-A29E6687-2F23D98C,,,,,,,,,
299,main,22.0,VE,247,Brothers In Arms: Velen,B1DA9A85-48F97821-B4F3F1A4-157E2161,,,,,,,,,
300,main,22.0,VE,248,Brothers In Arms: Novigrad,F461DB29-415D50DD-BE8990A8-EA5BF2B2,,,,,,,,,
301,main,22.0,SK,249,The Isle of Mists,1AC2E15C-4BCBB955-BF0697B9-86A21FD1,,,,,,,,,
302,main,24.0,KM,257,The Battle of Kaer Morhen,0B4F80AF-4A65793F-4EA8BF81-8A2A4139,,,,,,,,,
303,main,20.0,KM,235,Blood on the Battlefield,CEC5F8EE-47566BE9-12780AAA-0EE104AD,,,,,,,,,
304,main,26.0,VE,273,Bald Mountain,0C6B1407-41BD2F11-7FD48CA2-DBDB8F77,,,,,,,,,
305,side,12.0,NO,144,A Final Kindness,9D537AB1-4D109B54-31CE43A2-604C0F1A,,,,,,,,,
306,endgame,26.0,NO,6,Final Preparations,EDCCCDF6-49D327D0-307CDABA-D4DB1F8A,,,,,,,,,
307,side,30.0,NO,301,Reason of State,05511846-450F2A65-E7F695AD-31DF9E94,,,,,,,,,
308,side,0.0,NO,25,It Takes Three to Tango,044EAE5B-4BE9699C-CE48CCAF-8346C156,,,,,,,,,
309,endgame,28.0,SK,285,Battle Preparations,3FFACA7E-489A30A5-824E4887-21A507DE,,,,,,,,,
310,main,28.0,SK,286,Skjall's Grave,B95FA3F5-47B7A37B-4A51B4AE-91B84865,,,,,,,,,
311,endgame,30.0,SK,296,On Thin Ice,1234B258-4A8EF7C7-3E0F979D-8E8331D3,,,,,,,,,
312,endgame,30.0,SK,297,"Tedd Deireadh, the Final Age",5B67DFF5-44818918-50F4ECBA-A4B894EC,,,,,,,,,
313,endgame,30.0,VE,298,"Something Ends, Something Begins (Ending 1)",8F17E40A-4942D119-96BC5A99-28A6F4D9,,,,,,,,,
314,endgame,30.0,VE,299,"Something Ends, Something Begins (Ending 2)",E8D3E37E-443DA208-F6407683-AA607416,,,,,,,,,
315,endgame,30.0,VE,300,"Something Ends, Something Begins (Ending 3)",053B2B41-41E1DB6D-D6F4ECA6-94443258,,,,,,,,,
316,dlcmain,35.0,TO,333,The Beast of Toussaint,11D55E15-434FE711-E89E10B8-17BB09E2,,,,,,,,,
317,dlcmain,36.0,TO,336,Blood Run,1939E60D-401CDF59-6F4765BB-25BCEEC8,,,,,,,,,
318,dlcmain,39.0,TO,366,La Cage au Fou,CE23E598-4D3B3C3B-2778AD92-095146A9,,,,,,,,,
319,dlcmain,42.0,TO,387,"Where Children Toil, Toys Waste Away",B4D11A9C-4DDEB849-23845981-1887E867,,,,,,,,,
320,dlcmain,42.0,TO,388,Wine is Sacred,C9D7BC04-43B303DD-7ED3AAA9-9A7378BD,,,,,,,,,
321,dlcmain,43.0,TO,392,The Man from Cintra,6C2340E8-4E58E618-BF93D5A9-E8E5CB29,,,,,,,,,
322,dlcmain,47.0,TO,403,Capture the Castle,B0E13120-43A56E44-83D0F5A0-EE26759E,,,,,,,,,
323,dlcmain,47.0,TO,405,The Night of Long Fangs,FF48073D-4F6969E5-F79CD7BE-E217B3AD,,,,,,,,,
324,dlcmain,47.0,TO,404,Blood Simple,41C2C88E-465E617E-E504A28D-B7557E96,,,,,,,,,
325,dlcmain,47.0,TO,406,What Lies Unseen,E2F4AA1D-4BDD183B-9DDFD89D-009B34B7,,,,,,,,,
326,dlcmain,47.0,TO,407,Beyond Hill and Dale...,E458AAC7-4C80112B-0C1E6694-113E60B1,,,,,,,,,
327,dlcmain,49.0,TO,415,Tesham Mutna,BE9868E4-427C64C0-FEC15FAB-C7077CC2,,,,,,,,,
328,dlcmain,49.0,TO,416,Pomp and Strange Circumstance,75B389CC-4F5043B3-9CC508A2-88F82183,,,,,,,,,
329,dlcmain,49.0,TO,417,Be It Ever So Humble,C9F4557A-4660507F-1FE53F9D-B6C060BE,,,,,,,,,
330,dlcmain,49.0,TO,418,Burlap is the New Stripe,FD761CAC-44DF7883-8A45C9AF-50163CDF,,,,,,,,,
331,side,49.0,TO,419,The Perks of Being a Jailbird,A33E591C-44B7960A-B55173AA-7075900C,,,,,,,,,
332,side,47.0,TO,408,"Duck, Duck, Goosed!",DDE4E2D1-4CE36315-01E6F38B-0F747611,,,,,,,,,
333,side,42.0,TO,389,The Hunger Game,6FF82E52-4816A32D-C7DF37BE-8D5AD8A9,,,,,,,,,
334,side,39.0,TO,367,Amidst the Mill's Grist,EADC1606-4B14B400-566DD697-8ADC0F52,,,,,,,,,
335,side,0.0,TO,1,No Place Like Home,35E4C812-422459EF-1F816FAC-7E53B70E,,,,,,,,,
336,side,35.0,TO,334,Turn and Face the Strange,A644CC5F-41D19717-CE2A4398-34879DFB,,,,,,,,,
337,side,35.0,TO,335,The Warble of a Smitten Knight,AD9E547A-40323AEB-87AD21AE-8AE49F72,,,,,,,,,
338,event,0.0,TO,429,Naughty Feathers,91D57451-409E-4EAC-8165-BA079B40C9B7,,,,,,,,,
339,side,43.0,TO,396,Of Sheers and a Witcher I Sing,0EB811A8-4069F57C-6966DC99-D808B69D,,,,,,,,,
340,side,36.0,TO,337,Fists of Fury: Toussaint,AF499A50-4016055D-97A4A787-06336148,,,,,,,,,
341,side,40.0,TO,371,Raging Wolf,D3B2B89D-4E35CBA8-70F0B39C-46F2BF82,,,,,,,,,
342,side,36.0,TO,338,Till Death Do You Part,6791BAC0-4EAC8D29-8900EA8D-62CF8490,,,,,,,,,
343,side,36.0,TO,339,Paperchase,E1815592-4F7DF37A-F3593B9B-52E1F152,,,,,,,,,
344,side,0.0,TO,18,"Gwent: Never Fear, Skellige's Here",10792209-4257AE39-5B821199-2FFB20EC,,,,,,,,,
345,side,38.0,TO,362,"Gwent: To Everything - Turn, Turn, Tournament!",DBBF356D-4FFC9CC0-29404AAF-D6208B48,,,,,,,,,
346,side,36.0,TO,340,"Goodness, Gracious, Great Balls of Granite!",3C3DC52F-445095B5-89C66893-79E185A1,,,,,,,,,
347,side,37.0,TO,345,Father Knows Worst,E0EB6BB5-492FD420-5E53F4B9-6CC58BB7,,,,,,,,,
348,contract,38.0,TO,360,Bovine Blues,2633D68E-4C40FA82-D17A2A88-0A46D256,,,,,,,,,
349,side,40.0,TO,374,Big Feet to Fill,B3FF603C-45C1B21D-38366492-788831A1,,,,,,,,,
350,contract,37.0,TO,344,Big Game Hunter,39087354-4BBDC2C0-3D0942B3-0230FD61,,,,,,,,,
351,side,37.0,TO,351,Vintner's Contract: Rivecalme Storehouse,367672BA-41E9AB7F-F339428C-D5D493C0,,,,,,,,,
352,side,37.0,TO,352,Wine Wars,B1FF16F6-4223B5D3-0C4F32B8-30F63786,,,,,,,,,
353,treasure,37.0,TO,356,The Black Widow,77CD5426-43606A2A-026972B5-AB0D947C,,,,,,,,,
354,treasure,37.0,TO,357,Coin Doesn't Stink,EB22AF64-4032D7FA-39971D99-5CEBF58B,,,,,,,,,
355,treasure,37.0,TO,358,Don't Take Candy from a Stranger,FB8802DF-417EE465-2073D1BA-15176EF0,,,,,,,,,
356,treasure,37.0,TO,359,The Last Exploits of Selina's Gang,BA4BC5BD-4B52F387-D2C251B6-6873EAF9,,,,,,,,,
357,side,40.0,TO,369,Knight for Hire,AFAD298F-47B94308-D6D65092-02F3FC2E,,,,,,,,,
358,side,40.0,TO,370,Vintner's Contract: Dun Tynne Hillside,FD7151A7-442DAC7C-535F9180-0ABA93AA,,,,,,,,,
359,side,40.0,TO,377,Vintner's Contract: Chuchote Cave,DC82C3FD-4362CA3F-EC7E25BA-72167A40,,,,,,,,,
360,side,43.0,TO,393,Vintner's Contract: Cleaning Those Hard-to-Reach Places,4183D8AE-41961F00-363DF8BD-EED3DB5D,,,,,,,,,
361,side,40.0,TO,394,Vitner's Contract: Griffin-in-the-Vines,356E6E7D-48DCFC70-D9509998-A0BA22DF,,,,,,,,,
362,side,40.0,TO,372,A Knight's Tales,66478BB1-4F4E19BE-BD9C599E-68496A95,,,,,,,,,
363,side,40.0,TO,373,Extreme Cosplay,A3B5E68E-4D28EB21-6582B68D-446DA6BA,,,,,,,,,
364,side,40.0,TO,375,The Words of the Prophets Are Written on Sarcophagi,3D231EB3-445C3C97-0F6411B8-6A511BA6,,,,,,,,,
365,side,40.0,TO,376,Master Master Master Master!,9A723089-40189D47-2BAD8589-4E577B6E,,,,,,,,,
366,treasure,40.0,TO,379,Waiting for Goe and Doh,CB9A683E-401D6D11-8D174DA7-9A673C01,,,,,,,,,
367,treasure,40.0,TO,380,Applied Escapology,ED6B1D03-4E2CEE82-FB1BA4B3-A1760CE5,,,,,,,,,
368,treasure,40.0,TO,381,Scavenger Hunt: Grandmaster Manticore Gear,D0589E62-4A43EF34-AF11C692-E0E0D72C,,,,,,,,,
369,treasure,40.0,TO,382,Scavenger Hunt: Grandmaster Ursine Gear,EB1B7A32-41D6A709-7C9E5DAF-5F11E8DF,,,,,,,,,
370,treasure,40.0,TO,383,Scavenger Hunt: Grandmaster Feline Gear,8CB2680E-4756DBCF-BDAD608B-EFD91A25,,,,,,,,,
371,treasure,40.0,TO,384,Scavenger Hunt: Grandmaster Griffin Gear,07034C68-4FED04F6-D0BD7A8D-CF7454BF,,,,,,,,,
372,treasure,40.0,TO,385,Scavenger Hunt: Grandmaster Wolven Gear,6DBE2D54-4A4E2066-CAC1ABB6-97CB905B,,,,,,,,,
373,treasure,40.0,TO,386,Around the World in ... Eight Days,D9EF08F9-4F186BC0-4B06C1A4-B64C1CC4,,,,,,,,,
374,treasure,42.0,TO,391,Spoontaneous Profits!,E39845AC-4799DA94-ECDBA6B6-388C7811,,,,,,,,,
375,side,43.0,TO,395,A Portrait of the Witcher as an Old Man,BCD96CB1-4EF58B97-51C608B0-AB2EAA3C,,,,,,,,,
376,treasure,43.0,TO,397,"But Other Than That, How Did You Enjoy the Play?",0BBCBACE-4099237B-24A55B88-77B4A861,,,,,,,,,
377,treasure,43.0,TO,398,What Was This About Again?,2FDE6F32-49FC4D56-CEF8619D-23B0704A,,,,,,,,,
378,contract,44.0,TO,399,Equine Phantoms,9876843E-47D51F74-12868095-A0A7D712,,,,,,,,,
379,contract,45.0,TO,400,Feet as Cold as Ice,C9725EB0-42EB7261-0E491ABB-D0BC09B4,,,,,,,,,
380,side,46.0,TO,401,Mutual of Beauclair's Wild Kingdom,0AE82268-4FFF5D8D-4A219CB4-11E480F8,,,,,,,,,
381,treasure,46.0,TO,402,The Curse of Carnarvon,C651CB60-4D784070-4F8AD0B6-36D4289A,,,,,,,,,
382,treasure,47.0,TO,409,The Inconstant Gardener,9928729B-4F4B3F0A-501704A5-218F60AC,,,,,,,,,
383,treasure,47.0,TO,410,The Toussaint Prison Experiment,00685344-477DFB0F-3993EFA6-355396DD,,,,,,,,,
384,treasure,47.0,TO,411,The Suffering of Young Francois,9406114D-40AE7C4A-4EC566BB-8977600E,,,,,,,,,
385,contract,48.0,TO,412,The Tufo Monster,32486D3E-469FB6BB-9FB1D18B-88046F5A,,,,,,,,,
386,treasure,48.0,TO,414,Filibert Always Pays His Debts,D1FB4ECD-4C46CFAF-3FA40BB7-A7D869AF,,,,,,,,,
387,side,43.0,TO,424,There Can Be Only One,3D002F87-47D1CB1A-4A97849F-293247D7,,,,,,,,,
